Workbook

Sheet Impact Pipe
A1: Particle # | B1: Size (mm) | C1: Aprox Time Start | D1: Aprox Time End | E1: Raw Max A | F1: Env Max A | G1: duration (s) | H1: interspace
A2: 167 | B2: 128 | C2: 41 | D2: 48 | E2: 0.0708 | F2: 0.0832 | G2: =D2-C2 -> 7 | H2: =C3-D2 -> 32 | J2: avg | K2: =AVERAGE(H2:H24) -> 34.347826
A3: 6 | B3: 128 | C3: 80 | D3: 90 | E3: 0.0257 | F3: 0.0371 | G3: =D3-C3 -> 10 | H3: =C4-D3 -> 25
A4: 8 | B4: 128 | C4: 115 | D4: 125 | E4: 0.0708 | F4: 0.1049 | G4: =D4-C4 -> 10 | H4: =C5-D4 -> 25
A5: 168 | B5: 128 | C5: 150 | D5: 160 | E5: 0.0371 | F5: 0.0403 | G5: =D5-C5 -> 10 | H5: =C6-D5 -> 34
A6: 150 | B6: 90 | C6: 194 | D6: 199 | E6: 0.0261 | F6: 0.0286 | G6: =D6-C6 -> 5 | H6: =C7-D6 -> 27
A7: 11 | B7: 90 | C7: 226 | D7: 234 | E7: 0.0284 | F7: 0.0286 | G7: =D7-C7 -> 8 | H7: =C8-D7 -> 31
A8: 22 | B8: 90 | C8: 265 | D8: 275 | E8: 0.0278 | F8: 0.0301 | G8: =D8-C8 -> 10 | H8: =C9-D8 -> 35
A9: 152 | B9: 90 | C9: 310 | D9: 320 | E9: 0.0449 | F9: 0.0468 | G9: =D9-C9 -> 10 | H9: =C10-D9 -> 37
A10: 12 | B10: 64 | C10: 357 | D10: 360 | E10: 0.0288 | F10: 0.0295 | G10: =D10-C10 -> 3 | H10: =C11-D10 -> 32
A11: 96 | B11: 64 | C11: 392 | D11: 400 | E11: 0.0232 | F11: 0.025 | G11: =D11-C11 -> 8 | H11: =C12-D11 -> 32
A12: 101 | B12: 64 | C12: 432 | D12: 438 | E12: 0.0148 | F12: 0.0148 | G12: =D12-C12 -> 6 | H12: =C13-D12 -> 30
A13: 24 | B13: 64 | C13: 468 | D13: 478 | E13: 0.0407 | F13: 0.0459 | G13: =D13-C13 -> 10 | H13: =C14-D13 -> 37
A14: 107 | B14: 45 | C14: 515 | D14: 520 | E14: 0.0181 | F14: 0.0198 | G14: =D14-C14 -> 5 | H14: =C15-D14 -> 30
... A24: 53 | B24: 22.6 | C24: 970 | D24: 985 | E24: 0.0022 | F24: 0.0023 | G24: =D24-C24 -> 15 | H24: =C25-D24 -> 35
A25: 45 | B25: 22.6 | C25: 1020 | D25: 1030 | E25: 0.004 | F25: 0.004 | G25: =D25-C25 -> 10

Sheet Microphone
A1: Particle # | B1: Sieve Size (mm) | C1: B-axis (mm) | D1: Aprox Time Start | E1: Aprox Time End | F1: Raw Max A | G1: Env Max A | H1: duration (s) | I1: interspace
A2: 167 | B2: 128 | C2: 220 | D2: 50 | E2: 75 | F2: 0.414 | G2: 0.4262 | H2: =E2-D2 -> 25 | I2: =D3-E2 -> 15 | K2: avg | L2: =AVERAGE(I2:I24) -> 26.913043 | Q2: =D2-'Impact Pipe'!C2 -> 9 | R2: =E2-'Impact Pipe'!D2 -> 27
A3: 6 | B3: 128 | C3: - | D3: 90 | E3: 110 | F3: 0.492 | G3: 0.531 | H3: =E3-D3 -> 20 | I3: =D4-E3 -> 20 | Q3: =D3-'Impact Pipe'!C3 -> 10 | R3: =E3-'Impact Pipe'!D3 -> 20
A4: 8 | B4: 128 | C4: 160 | D4: 130 | E4: 140 | F4: 0.631 | G4: 1.7166 | H4: =E4-D4 -> 10 | I4: =D5-E4 -> 25 | Q4: =D4-'Impact Pipe'!C4 -> 15 | R4: =E4-'Impact Pipe'!D4 -> 15
A5: 168 | B5: 128 | C5: 196 | D5: 165 | E5: 180 | F5: 0.631 | G5: 2.181 | H5: =E5-D5 -> 15 | I5: =D6-E5 -> 20 | Q5: =D5-'Impact Pipe'!C5 -> 15 | R5: =E5-'Impact Pipe'!D5 -> 20
A6: 150 | B6: 90 | C6: 108.42 | D6: 200 | E6: 215 | F6: 0.1989 | G6: 0.2129 | H6: =E6-D6 -> 15 | I6: =D7-E6 -> 25 | Q6: =D6-'Impact Pipe'!C6 -> 6 | R6: =E6-'Impact Pipe'!D6 -> 16
A7: 11 | B7: 90 | C7: 127.22 | D7: 240 | E7: 250 | F7: 0.4366 | G7: 0.4382 | H7: =E7-D7 -> 10 | I7: =D8-E7 -> 30 | Q7: =D7-'Impact Pipe'!C7 -> 14 | R7: =E7-'Impact Pipe'!D7 -> 16
A8: 22 | B8: 90 | C8: - | D8: 280 | E8: 286 | F8: 0.4523 | G8: 0.6008 | H8: =E8-D8 -> 6 | I8: =D9-E8 -> 39 | Q8: =D8-'Impact Pipe'!C8 -> 15 | R8: =E8-'Impact Pipe'!D8 -> 11
A9: 152 | B9: 90 | C9: 91.54 | D9: 325 | E9: 335 | F9: 0.631 | G9: 1.6635 | H9: =E9-D9 -> 10 | I9: =D10-E9 -> 30 | Q9: =D9-'Impact Pipe'!C9 -> 15 | R9: =E9-'Impact Pipe'!D9 -> 15
A10: 12 | B10: 64 | C10: 84.2 | D10: 365 | E10: 375 | F10: 0.2351 | G10: 0.2524 | H10: =E10-D10 -> 10 | I10: =D11-E10 -> 25 | Q10: =D10-'Impact Pipe'!C10 -> 8 | R10: =E10-'Impact Pipe'!D10 -> 15
A11: 96 | B11: 64 | C11: 86.98 | D11: 400 | E11: 415 | F11: 0.3999 | G11: 0.4876 | H11: =E11-D11 -> 15 | I11: =D12-E11 -> 30 | Q11: =D11-'Impact Pipe'!C11 -> 8 | R11: =E11-'Impact Pipe'!D11 -> 15
A12: 101 | B12: 64 | C12: 108.92 | D12: 445 | E12: 450 | F12: 0.1285 | G12: 0.1286 | H12: =E12-D12 -> 5 | I12: =D13-E12 -> 35 | Q12: =D12-'Impact Pipe'!C12 -> 13 | R12: =E12-'Impact Pipe'!D12 -> 12
A13: 24 | B13: 64 | C13: 87.98 | D13: 485 | E13: 490 | F13: 0.631 | G13: 1.5174 | H13: =E13-D13 -> 5 | I13: =D14-E13 -> 30 | Q13: =D13-'Impact Pipe'!C13 -> 17 | R13: =E13-'Impact Pipe'!D13 -> 12
A14: 107 | B14: 45 | C14: 52.94 | D14: 520 | E14: 540 | F14: 0.1611 | G14: 0.1636 | H14: =E14-D14 -> 20 | I14: =D15-E14 -> 30 | Q14: =D14-'Impact Pipe'!C14 -> 5 | R14: =E14-'Impact Pipe'!D14 -> 20
A15: 162 | B15: 45 | C15: 54.05 | D15: 570 | E15: 575 | F15: 0.2978 | G15: 0.3113 | H15: =E15-D15 -> 5 | I15: =D16-E15 -> 35 | Q15: =D15-'Impact Pipe'!C15 -> 20 | R15: =E15-'Impact Pipe'!D15 -> 15
A16: 159 | B16: 45 | C16: 54.11 | D16: 610 | E16: 625 | F16: 0.0761 | G16: 0.0769 | H16: =E16-D16 -> 15 | I16: =D17-E16 -> 30 | Q16: =D16-'Impact Pipe'!C16 -> 15 | R16: =E16-'Impact Pipe'!D16 -> 15
A17: 35 | B17: 45 | C17: 64.85 | D17: 655 | E17: 665 | F17: 0.4197 | G17: 0.4275 | H17: =E17-D17 -> 10 | I17: =D18-E17 -> 30 | Q17: =D17-'Impact Pipe'!C17 -> 13 | R17: =E17-'Impact Pipe'!D17 -> 17
A18: 69 | B18: 32 | C18: - | D18: 695 | E18: 710 | F18: 0.3436 | G18: 0.345 | H18: =E18-D18 -> 15 | I18: =D19-E18 -> 30 | Q18: =D18-'Impact Pipe'!C18 -> 10 | R18: =E18-'Impact Pipe'!D18 -> 21
A19: 85 | B19: 32 | C19: 43.74 | D19: 740 | E19: 760 | F19: 0.0519 | G19: 0.0649 | H19: =E19-D19 -> 20 | I19: =D20-E19 -> 35 | Q19: =D19-'Impact Pipe'!C19 -> 10 | R19: =E19-'Impact Pipe'!D19 -> 24
A20: 61 | B20: 32 | C20: - | D20: 795 | E20: 805 | F20: 0.1132 | G20: 0.1132 | H20: =E20-D20 -> 10 | I20: =D21-E20 -> 25 | Q20: =D20-'Impact Pipe'!C20 -> 13 | R20: =E20-'Impact Pipe'!D20 -> 17
A21: 52 | B21: 32 | C21: 45.6 | D21: 830 | E21: 850 | F21: 0.0585 | G21: 0.0604 | H21: =E21-D21 -> 20 | I21: =D22-E21 -> 20 | Q21: =D21-'Impact Pipe'!C21 -> 10 | R21: =E21-'Impact Pipe'!D21 -> 25
A22: 165 | B22: 16 | C22: - | D22: 870 | E22: 900 | F22: 0.0745 | G22: 0.0816 | H22: =E22-D22 -> 30 | I22: =D23-E22 -> 20
A23: 166 | B23: 16 | C23: - | D23: 920 | E23: 950 | F23: 0.0443 | G23: 0.0447 | H23: =E23-D23 -> 30 | I23: =D24-E23 -> 20
A24: 53 | B24: 22.6 | C24: - | D24: 970 | E24: 1000 | F24: 0.051 | G24: 0.0543 | H24: =E24-D24 -> 30 | I24: =D25-E24 -> 20 | Q24: =MIN(Q2:Q22) -> 5 | R24: =MIN(R2:R22) -> 11
A25: 45 | B25: 22.6 | C25: 29.55 | D25: 1020 | E25: 1050 | F25: 0.0922 | G25: 0.0928 | H25: =E25-D25 -> 30 | Q25: =AVERAGE(Q2:Q22) -> 12.05 | R25: =AVERAGE(R2:R22) -> 17.4
Q26: =MEDIAN(Q2:Q21) -> 13 | R26: =MEDIAN(R2:R21) -> 16
Q27: =MAX(Q2:Q21) -> 20 | R27: =MAX(R2:R21) -> 27

Sheet csv for code (pipe)
A1: id | B1: start_time | C1: end_time
A2: 167 | B2: 41 | C2: 48
A3: 6 | B3: 80 | C3: 90
A4: 8 | B4: 115 | C4: 125
A5: 168 | B5: 150 | C5: 160
A6: 150 | B6: 194 | C6: 199
A7: 11 | B7: 226 | C7: 234
A8: 22 | B8: 265 | C8: 275
A9: 152 | B9: 310 | C9: 320
A10: 12 | B10: 357 | C10: 360
A11: 96 | B11: 392 | C11: 400
A12: 101 | B12: 432 | C12: 438
A13: 24 | B13: 468 | C13: 478
... A25: 45 | B25: 1020 | C25: 1030

Sheet csv for code (mic)
A1: id | B1: start_time | C1: end_time
A2: 167 | B2: 50 | C2: 75
A3: 6 | B3: 90 | C3: 110
A4: 8 | B4: 130 | C4: 140
A5: 168 | B5: 165 | C5: 180
A6: 150 | B6: 200 | C6: 215
A7: 11 | B7: 240 | C7: 250
A8: 22 | B8: 280 | C8: 286
A9: 152 | B9: 325 | C9: 335
A10: 12 | B10: 365 | C10: 375
A11: 96 | B11: 400 | C11: 415
A12: 101 | B12: 445 | C12: 450
A13: 24 | B13: 485 | C13: 490
... A25: 45 | B25: 1020 | C25: 1050
